<?xml version="1.0" encoding="UTF-8"?>
<beans:beans xmlns="http://www.springframework.org/schema/mvc"
	xmlns:xsi="http://www.w3.org/2001/XMLSchema-instance"
	xmlns:beans="http://www.springframework.org/schema/beans"
	xmlns:context="http://www.springframework.org/schema/context"
	xsi:schemaLocation="http://www.springframework.org/schema/mvc
	 http://www.springframework.org/schema/mvc/spring-mvc-3.0.xsd
	 http://www.springframework.org/schema/beans
	 http://www.springframework.org/schema/beans/spring-beans-3.0.xsd
	 http://www.springframework.org/schema/context
	 http://www.springframework.org/schema/context/spring-context-3.0.xsd">

	<!-- DispatcherServlet Context: defines this servlet's request-processing 
		infrastructure -->

	<!-- Enables the Spring MVC @Controller programming model -->
	<annotation-driven />
	
	<!-- Handles HTTP GET requests for /resources/** by efficiently serving 
		up static resources in the ${webappRoot}/* directory -->
	<resources mapping="/css/**" location="/css/" />
	<resources mapping="/js/**" location="/js/" />
	<resources mapping="/images/**" location="/images/" />
	<resources mapping="/jquery-ui-1.9.2/**" location="/jquery-ui-1.9.2/" />
		
	<!-- Resolves views selected for rendering by @Controllers to .jsp resources 
		in the /WEB-INF/views directory -->
	<beans:bean class="org.springframework.web.servlet.view.InternalResourceViewResolver"> 
		<beans:property name="prefix" value="/WEB-INF/views/" /> 
		<beans:property name="suffix" value=".jsp" />
	</beans:bean>
	
	<context:component-scan base-package="eu.giuseppeurso.alfresco" />	
	
	<interceptors>
		<interceptor>
			<mapping path="/*"/>
			<beans:bean class="eu.giuseppeurso.alfresco.cmisinterceptor.cmis.SessionCmisInterceptor" />
		</interceptor>
 	</interceptors> 
	
</beans:beans>
