<?xml version="1.0" encoding="UTF-8"?>
<model name="gu:contentModel" xmlns="http://www.alfresco.org/model/dictionary/1.0">

    <!-- Optional meta-data about the model -->
    <description>Document Model for Repo Extension X</description>
    <author>My Name</author>
    <version>1.0</version>

    <imports>
        <!-- Import Alfresco Dictionary Definitions -->
        <import uri="http://www.alfresco.org/model/dictionary/1.0" prefix="d"/>
        <!-- Import Alfresco Content Domain Model Definitions -->
        <import uri="http://www.alfresco.org/model/content/1.0" prefix="cm"/>
        <!-- Import Alfresco System Model Definitions -->
        <import uri="http://www.alfresco.org/model/system/1.0" prefix="sys"/>
    </imports>

    <!-- Custom namespace for your domain -->
    <namespaces>
        <namespace uri="http://www.giuseppeurso.eu/model/content/1.0" prefix="gu"/>
    </namespaces>

    <!-- ===============================================================================================================
        Constraints, Types, and Aspects go here...
        -->

</model>